City_ID,City,Country,Lat,Lng,Max Temp,Humidity,Cloudiness,Wind Speed,Current Description
0,Cape Town,ZA,-33.9258,18.4232,75.0,77,75,14.97,light rain
1,Bayan,CN,46.0833,127.4,6.28,92,0,2.82,clear sky
2,Mataura,NZ,-46.1927,168.8643,54.0,71,72,5.01,broken clouds
3,Peniche,PT,39.3558,-9.3811,60.01,87,100,24.0,overcast clouds
4,Uchaly,RU,54.2996,59.4521,-9.71,90,100,6.73,overcast clouds
5,Albany,US,42.6001,-73.9662,21.99,51,14,5.01,few clouds
6,Mandalgovi,MN,45.7625,106.2708,14.16,84,0,6.58,clear sky
7,Saskylakh,RU,71.9167,114.0833,-33.05,81,83,5.08,broken clouds
8,Sibu,MY,2.3,111.8167,78.8,89,40,1.52,light rain
9,Castro,BR,-24.7911,-50.0119,74.7,77,86,4.36,overcast clouds
10,Paris,FR,48.8534,2.3488,39.2,93,90,17.27,overcast clouds
11,Norman Wells,CA,65.282,-126.8329,-20.2,76,75,4.61,broken clouds
12,Yellowknife,CA,62.456,-114.3525,-27.99,75,20,4.61,few clouds
13,Punta Arenas,CL,-53.15,-70.9167,59.0,47,40,29.93,light rain
14,Acapulco,MX,16.8634,-99.8901,80.6,78,90,9.22,overcast clouds
15,Broome,US,42.2506,-75.833,19.0,73,90,17.27,light snow
16,Elat,IL,29.5581,34.9482,64.4,24,0,11.5,clear sky
17,Dingle,PH,10.9995,122.6711,75.67,87,97,2.24,overcast clouds
18,Paita,PE,-5.0892,-81.1144,86.0,51,0,8.05,clear sky
19,Ancud,CL,-41.8697,-73.8203,72.0,72,75,9.22,broken clouds
20,Rikitea,PF,-23.1203,-134.9692,78.3,67,10,11.25,clear sky
21,San Cristobal,VE,7.7669,-72.225,86.0,58,20,6.91,few clouds
22,Kodiak,US,57.79,-152.4072,39.2,60,20,4.61,few clouds
23,Karatuzskoye,RU,53.6072,92.8667,4.66,91,100,3.91,overcast clouds
24,Manzil Salim,TN,35.8567,8.4765,53.6,30,20,11.5,few clouds
25,Saint-Pierre,RE,-21.3393,55.4781,82.4,74,0,3.44,clear sky
26,Barrow,US,71.2906,-156.7887,5.0,78,20,21.85,snow
27,Busselton,AU,-33.65,115.3333,60.01,86,5,2.26,clear sky
28,Ponta Do Sol,PT,32.6667,-17.1,64.4,82,20,3.44,few clouds
29,Nikolskoye,RU,59.7035,30.7861,35.01,93,90,6.71,overcast clouds
30,Ushuaia,AR,-54.8,-68.3,51.8,66,75,4.61,light rain
31,Karratha,AU,-20.7377,116.8463,86.83,47,11,19.33,light rain
32,Hermanus,ZA,-34.4187,19.2345,66.99,89,12,4.0,light rain
33,Avarua,CK,-21.2078,-159.775,80.6,78,20,9.22,light rain
34,Rafraf,TN,37.1904,10.1837,59.0,67,40,19.57,scattered clouds
35,Port Alfred,ZA,-33.5906,26.891,71.01,89,53,8.99,light rain
36,Bluff,NZ,-46.6,168.3333,54.0,71,96,5.01,light rain
37,Hithadhoo,MV,-0.6,73.0833,83.01,68,66,5.57,broken clouds
38,Hobart,AU,-42.8794,147.3294,59.0,88,82,5.75,broken clouds
39,Caravelas,BR,-17.7125,-39.2481,77.13,81,33,7.72,scattered clouds
40,Mahebourg,MU,-20.4081,57.7,80.6,78,40,3.44,scattered clouds
41,Morristown,US,36.214,-83.2949,39.0,32,1,4.61,clear sky
42,Severo-Kurilsk,RU,50.6789,156.125,23.52,95,97,30.13,light snow
43,Souillac,MU,-20.5167,57.5167,80.6,78,40,3.44,scattered clouds
44,Kirkland Lake,CA,48.1446,-80.0377,-2.2,78,23,5.39,few clouds
45,Biltine,TD,14.5333,20.9167,85.95,12,75,9.71,broken clouds
46,Tiksi,RU,71.6872,128.8694,-42.68,79,35,6.06,scattered clouds
47,Vaini,TO,-21.2,-175.2,75.2,100,75,2.3,moderate rain
48,Cuamba,MZ,-14.8031,36.5372,70.27,96,100,2.08,overcast clouds
49,Chokurdakh,RU,70.6333,147.9167,-35.82,83,96,5.39,overcast clouds
50,Necochea,AR,-38.5473,-58.7368,95.0,42,0,5.01,clear sky
51,Aksu,CN,41.1231,80.2644,22.55,87,86,3.51,overcast clouds
52,Kapaa,US,22.0752,-159.319,73.4,88,75,20.71,light rain
53,Torbay,CA,47.6666,-52.7314,25.0,86,75,20.71,broken clouds
54,Taquari,BR,-29.7997,-51.8644,87.01,63,0,4.05,clear sky
55,Micheweni,TZ,-4.9667,39.8333,80.74,79,66,13.91,broken clouds
56,Vila Do Maio,CV,15.1333,-23.2167,80.6,47,70,19.57,broken clouds
57,Hwange,ZW,-18.3693,26.5019,81.41,71,25,0.25,light rain
58,Hilo,US,19.7297,-155.09,69.8,78,90,6.91,light rain
59,Chuy,UY,-33.6971,-53.4616,83.08,59,35,11.92,scattered clouds
60,Shakawe,BW,-18.3667,21.85,82.02,65,100,3.67,overcast clouds
61,Butaritari,KI,3.0707,172.7902,78.8,83,33,10.83,scattered clouds
62,Sinop,TR,41.7711,34.8709,38.75,73,0,12.17,clear sky
63,Pangnirtung,CA,66.1451,-65.7125,15.8,79,1,3.51,clear sky
64,Najran,SA,17.4924,44.1277,60.8,31,2,11.5,dust
65,Porto Belo,BR,-27.1578,-48.5531,78.8,78,75,9.4,light rain
66,Bambous Virieux,MU,-20.3428,57.7575,81.0,78,40,3.44,scattered clouds
67,Grindavik,IS,63.8424,-22.4338,30.2,74,75,29.93,broken clouds
68,Malumfashi,NG,11.7853,7.6218,83.75,14,35,13.13,scattered clouds
69,Tashtagol,RU,52.7657,87.8894,4.5,92,100,1.59,overcast clouds
70,Puerto Madryn,AR,-42.7692,-65.0385,74.64,49,9,19.39,clear sky
71,Qaanaaq,GL,77.484,-69.3632,18.16,79,100,3.44,overcast clouds
72,Kidal,ML,18.4411,1.4078,84.45,10,28,12.06,scattered clouds
73,Atuona,PF,-9.8,-139.0333,77.81,79,4,16.33,clear sky
74,Porto Novo,BJ,6.4965,2.6036,87.8,37,91,8.05,haze
75,El Prat De Llobregat,ES,41.3278,2.0947,59.0,67,20,19.57,few clouds
76,Narsaq,GL,60.9167,-46.05,28.4,31,1,16.11,clear sky
77,Cayeli,TR,41.0923,40.7292,49.17,51,42,4.94,scattered clouds
78,Xining,CN,36.6167,101.7667,23.76,64,20,1.3,few clouds
79,Sao Joao Da Barra,BR,-21.6403,-41.0511,86.0,51,20,16.11,few clouds
80,Cabo San Lucas,MX,22.8909,-109.9124,69.8,56,75,11.5,broken clouds
81,Changping,CN,40.2186,116.2197,33.01,73,0,4.47,clear sky
82,Yarada,IN,17.65,83.2667,75.2,88,20,2.3,mist
83,Asau,RO,46.4333,26.4,41.0,59,99,3.8,overcast clouds
84,Caramay,PH,10.1815,119.236,76.93,84,23,1.9,few clouds
85,Rancho Palos Verdes,US,33.7445,-118.387,51.01,86,82,3.0,broken clouds
86,Zheleznodorozhnyy,RU,55.7503,38.0042,35.6,93,90,4.47,overcast clouds
87,Samarai,PG,-10.6167,150.6667,82.06,77,99,6.06,moderate rain
88,Acarau,BR,-2.8856,-40.12,88.2,55,42,14.54,scattered clouds
89,Amurzet,RU,47.6967,131.0981,-0.99,93,45,1.34,scattered clouds
90,Longyearbyen,SJ,78.2186,15.6401,6.8,72,0,12.66,clear sky
91,Ligayan,PH,4.6533,119.4706,82.13,76,85,4.16,overcast clouds
92,Alvor,PT,37.1299,-8.5917,60.8,82,90,19.57,overcast clouds
93,Bereda,ES,43.2686,-7.5406,53.01,92,100,14.0,overcast clouds
94,Lisala,CD,2.15,21.5167,89.46,32,98,2.21,overcast clouds
95,Nanortalik,GL,60.1432,-45.2371,25.97,88,0,5.39,clear sky
96,Sidney,AU,-33.8679,151.2073,73.4,94,0,6.91,clear sky
97,Jamestown,US,42.097,-79.2353,21.0,73,90,13.8,light snow
98,Mar Del Plata,AR,-38.0023,-57.5575,89.6,48,40,10.36,scattered clouds
99,Lebu,CL,-37.6167,-73.65,64.94,80,47,19.04,scattered clouds
100,Saint Anthony,US,45.0205,-93.218,19.4,68,90,10.36,overcast clouds
101,Oktyabrskiy,RU,54.4815,53.471,9.9,94,100,12.44,overcast clouds
102,Puerto Carreno,CO,6.189,-67.4859,93.52,42,84,12.71,broken clouds
103,Bandar,ID,2.05,99.75,73.31,94,50,1.16,scattered clouds
104,Sitka,US,57.0531,-135.33,37.4,93,90,4.61,overcast clouds
105,Luderitz,NA,-26.6481,15.1594,73.67,59,77,30.29,broken clouds
106,Ahipara,NZ,-35.1667,173.1667,60.39,83,2,7.14,clear sky
107,Lorengau,PG,-2.0226,147.2712,80.56,74,78,5.26,broken clouds
108,Phimai,TH,15.2232,102.4947,75.0,99,0,4.63,clear sky
109,Dikson,RU,73.5069,80.5464,-19.05,89,97,4.32,overcast clouds
110,Cherepovets,RU,59.1333,37.9,30.2,100,90,6.71,light intensity drizzle
111,Vila Franca Do Campo,PT,37.7167,-25.4333,66.0,94,20,11.5,few clouds
112,Hasaki,JP,35.7333,140.8333,41.0,100,75,14.97,light rain
113,Boende,CD,-0.2167,20.8667,85.32,56,98,2.35,overcast clouds
114,Russell,US,32.3502,-85.1999,54.0,37,1,5.75,clear sky
115,Vao,NC,-22.6667,167.4833,76.53,82,97,26.42,overcast clouds
116,Baicoi,RO,45.0333,25.85,42.01,87,78,0.67,broken clouds
117,Wanning,CN,18.8003,110.3967,66.72,84,1,0.47,clear sky
118,Caidian,CN,30.5833,114.0333,42.8,100,75,4.47,mist
119,San Jose,US,37.3394,-121.895,46.4,87,75,3.36,broken clouds
120,Praia,CV,14.9215,-23.5087,80.6,47,87,19.57,overcast clouds
121,Conde,BR,-7.2597,-34.9075,86.0,62,75,19.57,broken clouds
122,Thompson,CA,55.7435,-97.8558,-18.4,83,75,6.91,broken clouds
123,Khorixas,NA,-20.3667,14.9667,74.34,70,99,13.0,overcast clouds
124,Alzamay,RU,55.5562,98.6644,0.99,92,100,2.39,overcast clouds
125,Rodrigues Alves,BR,-7.738,-72.6509,82.4,78,75,3.44,light rain
126,Whitehorse,CA,60.7161,-135.0538,3.2,85,90,9.22,light snow
127,Sao Filipe,CV,14.8961,-24.4956,76.23,62,99,6.13,overcast clouds
128,Leh,IN,34.1667,77.5833,17.96,84,91,3.22,light snow
129,Yulara,AU,-25.2406,130.9889,75.2,88,90,11.5,overcast clouds
130,Yatou,CN,37.15,122.3833,35.22,93,35,5.61,scattered clouds
131,Olafsvik,IS,64.8945,-23.7142,29.07,90,21,34.02,few clouds
132,Saldanha,ZA,-33.0117,17.9442,73.4,60,5,16.11,clear sky
133,Itarema,BR,-2.9248,-39.9167,88.84,54,31,15.59,scattered clouds
134,Iqaluit,CA,63.7506,-68.5145,19.4,86,40,8.05,scattered clouds
135,Geraldton,AU,-28.7667,114.6,71.6,73,90,6.91,overcast clouds
136,Vila Velha,BR,-20.3297,-40.2925,87.01,61,40,12.66,scattered clouds
137,Victor Harbor,AU,-35.5667,138.6167,89.6,17,0,14.97,clear sky
138,Suntar,RU,62.1444,117.6319,-53.95,68,68,3.62,broken clouds
139,San Javier,ES,37.8063,-0.8374,61.0,51,0,17.27,clear sky
140,Esil,KZ,51.9556,66.4042,-20.15,86,36,5.66,scattered clouds
141,Port Elizabeth,ZA,-33.918,25.5701,71.6,83,20,37.98,light rain
142,Maicao,CO,11.3832,-72.2432,83.82,59,73,16.26,broken clouds
143,Jyvaskyla,FI,62.2415,25.7209,35.6,93,75,8.05,broken clouds
144,Uwajima,JP,33.2238,132.56,55.49,90,100,0.31,overcast clouds
145,Sur,OM,22.5667,59.5289,66.29,58,0,15.35,clear sky
146,Ambon,ID,-3.6954,128.1814,78.8,89,40,4.61,scattered clouds
147,Provideniya,RU,64.3833,-173.3,5.65,85,100,2.68,overcast clouds
148,Ghazipur,IN,25.5833,83.5667,56.68,54,0,2.75,clear sky
149,Bilibino,RU,68.0546,166.4372,-25.2,83,100,2.59,overcast clouds
150,Vestmanna,FO,62.1564,-7.1664,32.0,86,20,6.91,few clouds
151,New Norfolk,AU,-42.7826,147.0587,59.0,68,63,2.37,broken clouds
152,Kurilsk,RU,45.2333,147.8833,17.42,91,100,12.28,overcast clouds
153,Tazovskiy,RU,67.4667,78.7,-42.05,78,6,4.9,clear sky
154,Shingu,JP,33.7333,135.9833,52.32,89,100,10.11,moderate rain
155,Viadana,IT,44.9333,10.5333,48.2,76,20,6.91,few clouds
156,Sanger,US,36.708,-119.556,44.6,100,90,3.44,moderate rain
157,Anadyr,RU,64.75,177.4833,-14.01,76,0,8.95,clear sky
158,Banda Aceh,ID,5.5577,95.3222,77.59,81,41,9.19,scattered clouds
159,Nouadhibou,MR,20.931,-17.0347,84.2,15,100,8.05,overcast clouds
160,Namanyere,TZ,-7.5167,31.05,65.93,93,61,2.46,light rain
161,Cidreira,BR,-30.1811,-50.2056,78.53,72,1,10.65,clear sky
162,La Suiza,CR,9.8524,-83.6133,75.2,53,0,16.11,clear sky
163,Tuktoyaktuk,CA,69.4541,-133.0374,-20.2,76,1,16.11,snow
164,Khatanga,RU,71.9667,102.5,-28.71,83,100,12.44,overcast clouds
165,Tasiilaq,GL,65.6145,-37.6368,15.8,45,1,1.14,clear sky
166,Kommunar,RU,59.6206,30.39,35.01,93,90,6.71,overcast clouds
167,Urbano Santos,BR,-3.2078,-43.4036,88.45,61,68,4.85,light rain
168,Wasilla,US,61.5814,-149.4394,35.6,51,1,20.71,clear sky
169,Ribeira Grande,PT,38.5167,-28.7,64.4,88,40,10.36,light rain
170,Vostok,RU,46.4856,135.8833,1.13,89,71,5.06,broken clouds
171,Rudbar,AF,30.15,62.6,40.71,47,0,4.5,clear sky
172,Havre-Saint-Pierre,CA,50.2334,-63.5986,17.6,93,90,17.27,light snow
173,Vardo,NO,70.3705,31.1107,17.6,100,20,31.07,snow
174,Faanui,PF,-16.4833,-151.75,80.38,71,37,11.92,scattered clouds
175,East London,ZA,-33.0153,27.9116,71.6,88,75,26.46,broken clouds
176,Itarantim,BR,-15.6597,-40.0656,83.97,51,83,8.21,broken clouds
177,Kupang,ID,-10.1667,123.5833,80.85,79,78,5.03,light rain
178,Guerrero Negro,MX,27.9769,-114.0611,61.09,67,76,3.4,broken clouds
179,Waipawa,NZ,-41.4122,175.5153,64.4,82,75,17.27,broken clouds
180,Labuhan,ID,-6.8844,112.2051,79.27,83,100,6.04,overcast clouds
181,Palmer,US,42.1584,-72.3287,27.0,52,13,5.01,few clouds
182,Centralia,US,46.7162,-122.9543,28.0,100,90,1.45,mist
183,North Bend,US,43.4065,-124.2243,36.0,100,1,6.91,clear sky
184,Brenham,US,30.1669,-96.3977,57.2,100,90,4.61,overcast clouds
185,Manta,EC,-0.95,-80.7333,80.6,78,75,5.75,broken clouds
186,Balabac,PH,7.9868,117.0645,79.65,84,5,10.38,clear sky
187,Mattru,SL,7.6244,-11.8332,96.55,27,0,0.92,clear sky
188,Karangasem,ID,-8.45,115.6167,78.8,89,20,4.61,few clouds
189,Bac Lieu,VN,9.285,105.7244,76.06,82,51,11.43,broken clouds
190,Sistranda,NO,63.7256,8.834,35.6,100,75,10.36,light rain
191,Talnakh,RU,69.4865,88.3972,-35.55,67,39,0.69,scattered clouds
192,Howard Springs,AU,-12.497,131.047,77.0,94,90,3.44,light rain
193,Ugoofaaru,MV,5.6667,73.0,83.14,69,48,9.64,scattered clouds
194,Bredasdorp,ZA,-34.5322,20.0403,75.2,53,0,27.63,clear sky
195,Henties Bay,NA,-22.116,14.2845,68.22,87,99,7.29,overcast clouds
196,Fort Nelson,CA,58.8053,-122.7002,1.4,85,90,8.05,light snow
197,Vanavara,RU,60.34,102.2797,-36.35,82,100,1.59,overcast clouds
198,Isangel,VU,-19.55,169.2667,77.5,87,100,8.99,overcast clouds
199,Akyab,MM,20.15,92.9,68.22,56,0,13.62,clear sky
200,Gat,IL,31.61,34.7642,59.0,59,0,3.06,clear sky
201,Verdun,FR,49.25,5.3333,37.99,93,100,1.99,overcast clouds
202,Asfi,MA,32.2994,-9.2372,62.98,65,49,13.62,scattered clouds
203,Saint-Georges,GD,12.0564,-61.7485,86.0,62,20,24.16,few clouds
204,Tarasovskiy,RU,48.7292,40.3636,34.88,88,98,12.17,snow
205,Impfondo,CG,1.6381,18.0667,93.88,23,77,0.98,broken clouds
206,Los Alamos,US,35.8881,-106.307,39.0,80,90,3.44,overcast clouds
207,Muros,ES,42.7762,-9.0603,57.99,83,100,8.01,overcast clouds
208,Yumen,CN,40.2833,97.2,21.7,81,27,10.74,scattered clouds
209,Nome,US,64.5011,-165.4064,33.8,86,90,5.75,snow
210,Richards Bay,ZA,-28.783,32.0377,81.66,74,0,14.9,clear sky
211,Koupela,BF,12.1794,-0.3517,92.14,10,63,10.47,broken clouds
212,Hanzhong,CN,33.0728,107.0303,48.15,51,93,2.3,overcast clouds
213,Bagaces,CR,10.5271,-85.2548,87.8,51,0,18.41,clear sky
214,Aklavik,CA,68.2191,-135.0107,-0.4,78,90,9.22,light snow
215,Dolinsk,RU,47.35,142.8,-11.2,77,19,7.74,snow
216,Jalu,LY,29.0331,21.5482,51.73,44,0,2.51,clear sky
217,Tromso,NO,69.6496,18.957,15.8,57,40,3.44,scattered clouds
218,Port Blair,IN,11.6667,92.75,77.61,66,0,8.48,clear sky
219,Port Lincoln,AU,-34.7333,135.8667,78.58,40,97,13.02,overcast clouds
220,Caruray,PH,10.3094,119.0128,77.0,94,20,6.91,few clouds
221,Tigre,AR,-34.426,-58.5796,91.0,58,0,8.05,clear sky
222,Amahai,ID,-3.3333,128.9167,84.99,81,86,4.99,overcast clouds
223,Aykhal,RU,66.0,111.5,-39.12,79,42,3.83,scattered clouds
224,Tangping,CN,22.0265,111.9323,63.39,73,1,0.72,clear sky
225,Eirunepe,BR,-6.6603,-69.8736,79.86,78,99,3.24,overcast clouds
226,Lagoa,PT,39.05,-27.9833,61.83,84,100,16.44,overcast clouds
227,Marsa Matruh,EG,31.3525,27.2453,60.8,55,20,5.75,few clouds
228,Zhigansk,RU,66.7697,123.3711,-53.37,71,51,3.6,broken clouds
229,Wewak,PG,-3.5534,143.6268,80.29,73,54,6.13,broken clouds
230,Upernavik,GL,72.7868,-56.1549,22.01,79,95,6.85,overcast clouds
231,Verkhnevilyuysk,RU,63.4453,120.3167,-55.75,61,78,3.62,broken clouds
232,Yeppoon,AU,-23.1333,150.7333,73.4,68,0,5.75,clear sky
233,Sao Paulo De Olivenca,BR,-3.3783,-68.8725,79.56,85,99,3.6,light rain
234,Port Macquarie,AU,-31.4333,152.9167,64.0,98,3,10.69,clear sky
235,Zapolyarnyy,RU,69.4154,30.8136,6.8,72,75,13.8,light snow
236,Clyde River,CA,70.4692,-68.5914,-5.8,84,40,4.61,scattered clouds
237,Poum,NC,-20.2333,164.0167,79.23,78,100,10.16,overcast clouds
238,Pampa,US,35.5362,-100.9599,41.0,87,90,20.71,overcast clouds
239,Puerto Ayora,EC,-0.7393,-90.3518,80.6,78,40,12.66,scattered clouds
240,Morondava,MG,-20.2833,44.2833,85.51,75,93,12.68,overcast clouds
241,Touros,BR,-5.1989,-35.4608,80.6,78,75,11.5,moderate rain
242,Sao Borja,BR,-28.6606,-56.0044,94.8,39,19,2.55,few clouds
243,Carnarvon,AU,-24.8667,113.6333,75.2,64,75,12.66,broken clouds
244,Dondo,MZ,-19.6094,34.7431,77.99,91,100,10.69,moderate rain
245,Kisangani,CD,0.5167,25.2,85.24,51,89,1.07,overcast clouds
246,Jinchang,CN,38.4953,102.1739,27.91,73,100,2.68,overcast clouds
247,Knysna,ZA,-34.0363,23.0471,69.8,73,75,14.97,broken clouds
248,Tayoltita,MX,24.0833,-105.9333,68.88,47,15,1.74,few clouds
249,Boma,GH,7.0805,-2.1697,97.56,10,19,3.87,few clouds
250,Dehloran,IR,32.6941,47.2679,54.5,38,0,3.69,clear sky
251,Puerto Escondido,MX,15.85,-97.0667,82.4,78,75,4.61,broken clouds
252,Kavieng,PG,-2.5744,150.7967,81.46,75,100,3.71,overcast clouds
253,Ushtobe,KZ,45.2514,77.9838,19.26,94,100,11.72,overcast clouds
254,Sturgeon Falls,CA,46.3646,-79.9326,3.0,71,75,4.61,broken clouds
255,Georgetown,MY,5.4112,100.3354,80.01,89,20,2.33,few clouds
256,Frydlant Nad Ostravici,CZ,49.5928,18.3597,41.0,75,75,13.8,broken clouds
257,Cabo Rojo,PR,18.0866,-67.1457,84.99,63,55,5.01,broken clouds
258,San Juan,AR,-31.5375,-68.5364,96.64,17,0,8.72,clear sky
259,Chute-Aux-Outardes,CA,49.1168,-68.399,15.8,57,1,9.22,light snow
260,Padilla,CO,3.2204,-76.3139,80.6,65,75,3.44,light rain
261,Atar,MR,20.5169,-13.0499,86.0,19,1,11.5,clear sky
262,Westport,US,41.1415,-73.3579,32.0,40,1,18.41,clear sky
263,Namwala,ZM,-15.7504,26.4384,72.59,91,100,3.51,light rain
264,Avera,US,33.194,-82.5271,53.6,50,1,9.22,clear sky
265,Goderich,CA,43.7501,-81.7165,21.2,79,100,12.66,light snow
266,Kahului,US,20.8947,-156.47,71.6,73,20,11.5,light rain
267,Ponta Delgada,PT,37.7333,-25.6667,66.0,94,20,11.5,few clouds
268,Chicama,PE,-7.8447,-79.1469,71.6,83,20,5.75,few clouds
269,Arraial Do Cabo,BR,-22.9661,-42.0278,89.6,62,0,16.11,clear sky
270,Kutiyana,IN,21.6233,69.9817,65.14,70,0,8.48,clear sky
271,Fare,PF,-16.7,-151.0167,80.49,71,56,12.21,light rain
272,Scarborough,GB,54.2797,-0.4044,34.0,81,99,6.31,overcast clouds
273,Boromo,BF,11.75,-2.9333,93.87,9,86,8.37,overcast clouds
274,Topolobampo,MX,25.6,-109.05,57.2,94,90,6.91,overcast clouds
275,Hofn,IS,64.2539,-15.2082,33.4,87,100,27.4,overcast clouds
276,Ixtapa,MX,20.7,-105.2,69.8,78,1,1.5,clear sky
277,Arcata,US,40.8665,-124.0828,36.0,93,1,5.75,clear sky
278,Bethel,US,41.3712,-73.414,28.99,43,90,14.97,overcast clouds
279,Olavarria,AR,-36.8927,-60.3225,95.79,25,0,10.69,clear sky
280,Raga,SS,8.4596,25.678,86.32,18,8,4.85,clear sky
281,Athens,GR,37.9795,23.7162,59.0,62,75,8.05,broken clouds
282,Yining,CN,29.0361,114.5636,46.18,84,0,2.66,clear sky
283,Bathsheba,BB,13.2167,-59.5167,82.4,65,20,18.41,few clouds
284,Gigmoto,PH,13.7796,124.39,78.8,81,36,3.22,scattered clouds
285,Cabinda,AO,-5.55,12.2,80.6,83,75,6.91,broken clouds
286,Kirakira,SB,-10.4544,161.9205,79.56,76,91,5.95,overcast clouds
287,Kaitangata,NZ,-46.2817,169.8464,57.0,44,38,5.01,scattered clouds
288,Coihueco,CL,-36.6167,-71.8333,82.4,42,0,4.61,clear sky
289,Airai,TL,-8.9266,125.4092,63.46,100,94,1.9,overcast clouds
290,Vorkuta,RU,67.5,64.0,-29.15,79,0,3.13,clear sky
291,Padang,ID,-0.9492,100.3543,78.8,83,90,2.3,overcast clouds
292,Bilma,NE,18.6853,12.9164,75.27,16,0,7.43,clear sky
293,Te Anau,NZ,-45.4167,167.7167,50.56,79,100,7.72,moderate rain
294,Bengkulu,ID,-3.8004,102.2655,77.7,85,100,5.95,overcast clouds
295,Bemidji,US,47.4736,-94.8803,19.4,79,90,6.91,overcast clouds
296,Carbonia,IT,39.1672,8.5222,57.2,58,0,14.97,clear sky
297,Kenai,US,60.5544,-151.2583,36.0,75,90,20.71,overcast clouds
298,Pacifica,US,37.6138,-122.4869,48.0,81,1,8.14,clear sky
299,Naklo Nad Notecia,PL,53.1421,17.6018,41.0,93,90,19.57,overcast clouds
300,Orotukan,RU,62.2667,151.7,-28.68,82,100,1.88,overcast clouds
301,Dudinka,RU,69.4058,86.1778,-40.38,76,25,2.15,scattered clouds
302,Aswan,EG,24.0934,32.907,68.2,25,0,9.98,clear sky
303,Texarkana,US,33.4251,-94.0477,42.8,61,90,9.22,overcast clouds
304,Namibe,AO,-15.1961,12.1522,77.0,69,75,13.8,broken clouds
305,Mbale,UG,1.0821,34.175,77.41,52,97,4.47,overcast clouds
306,San Miguel,SV,13.4833,-88.1833,86.0,65,0,2.3,clear sky
307,Saint-Philippe,RE,-21.3585,55.7679,82.4,74,0,3.44,clear sky
308,Ilulissat,GL,69.2167,-51.1,17.6,49,20,9.22,few clouds
309,Talakan,RU,50.3167,130.3667,2.62,92,97,5.14,overcast clouds
310,Jaguaruna,BR,-28.615,-49.0256,80.13,68,94,11.56,heavy intensity rain
311,Petropavlovsk-Kamchatskiy,RU,53.0452,158.6483,-2.2,65,1,11.18,clear sky
312,Sampit,ID,-2.5333,112.95,74.8,92,100,0.04,heavy intensity rain
313,Boundiali,CI,9.5217,-6.4869,95.5,10,6,4.94,clear sky
314,Finnsnes,NO,69.2296,17.9811,12.2,52,75,11.5,light snow
315,Flinders,AU,-34.5833,150.8552,73.4,88,90,3.44,overcast clouds
316,Rtishchevo,RU,52.2604,43.7874,33.89,99,100,10.4,overcast clouds
317,Aripuana,BR,-9.1667,-60.6333,83.93,77,79,2.37,moderate rain
318,Coihaique,CL,-45.5752,-72.0662,64.4,32,0,4.61,clear sky
319,Szilvasvarad,HU,48.1,20.4,42.58,91,100,5.55,overcast clouds
320,Herat,AF,34.5,62.0,31.77,79,0,5.21,clear sky
321,Kampot,KH,10.6167,104.1833,78.8,83,20,2.3,few clouds
322,Banganapalle,IN,15.3167,78.2333,76.1,50,0,5.93,clear sky
323,Price,US,39.5994,-110.8107,30.2,100,90,2.44,mist
324,Daru,PG,-9.0763,143.2092,77.18,89,93,6.08,overcast clouds
325,Pontes E Lacerda,BR,-15.2261,-59.3353,87.4,68,69,1.86,moderate rain
326,Saint George,US,37.1041,-113.5841,45.0,65,90,9.22,overcast clouds
327,Maragogi,BR,-9.0122,-35.2225,82.92,68,57,15.77,moderate rain
328,Oranjemund,NA,-28.55,16.4333,66.49,76,63,17.36,broken clouds
329,Almaty,KZ,43.25,76.95,19.4,63,90,4.47,smoke
330,Yerbogachen,RU,61.2767,108.0108,-53.18,75,48,1.48,scattered clouds
331,Ouallam,NE,14.3188,2.0866,89.35,10,0,12.06,clear sky
332,Mackay,AU,-21.15,149.2,78.8,73,40,11.5,scattered clouds
333,Miandrivazo,MG,-19.5167,45.4667,87.62,56,63,3.33,broken clouds
334,Entroncamento,PT,39.4667,-8.4667,59.0,99,100,8.01,overcast clouds
335,Bolivar,US,37.6145,-93.4105,36.0,36,10,1.01,clear sky
336,Chavakkad,IN,10.5333,76.05,80.6,89,20,4.61,mist
337,Livingstonia,MW,-10.606,34.1063,68.77,88,100,3.15,moderate rain
338,Kruisfontein,ZA,-34.0033,24.7314,75.99,74,34,11.99,scattered clouds
339,Wau,SS,7.7029,27.9953,90.16,21,12,3.62,few clouds
340,Deer Lake,CA,49.1667,-57.4316,26.6,80,90,13.8,light snow
341,Victoria,HK,22.2855,114.1577,66.99,79,0,6.15,clear sky
342,Lander,US,42.833,-108.7307,24.01,93,90,3.44,light snow
343,Bubaque,GW,11.2833,-15.8333,78.06,51,21,8.57,few clouds
344,Port-Gentil,GA,-0.7193,8.7815,84.2,79,75,11.5,broken clouds
345,Kingston,JM,17.997,-76.7936,86.0,65,20,5.75,few clouds
346,Gawler,AU,-34.6,138.7333,89.01,22,100,11.99,overcast clouds
347,Moron,AR,-34.6534,-58.6198,91.0,43,0,4.0,clear sky
348,Riyadh,SA,24.6877,46.7219,59.0,18,0,5.75,clear sky
349,Chinchani,IN,19.8667,72.7,73.35,68,0,3.53,clear sky
350,Beringovskiy,RU,63.05,179.3167,-9.45,88,13,4.43,few clouds
351,Oyem,GA,1.5995,11.5793,86.0,54,75,1.43,broken clouds
352,Krasnoselkup,RU,65.7,82.4667,-40.9,75,56,7.92,broken clouds
353,Kuytun,RU,54.3419,101.5036,1.83,93,100,2.17,overcast clouds
354,Bukama,CD,-9.2,25.85,77.38,90,61,0.98,moderate rain
355,Hede,CN,33.7681,120.2517,33.58,93,1,5.73,clear sky
356,Komsomolskiy,UZ,40.4272,71.7189,26.6,50,100,4.61,overcast clouds
357,Dunedin,NZ,-45.8742,170.5036,47.77,77,0,4.23,clear sky
358,Torres,BR,-29.3353,-49.7269,79.39,73,17,9.55,few clouds
359,Bahia Honda,CU,22.9036,-83.1592,77.61,62,0,4.14,clear sky
360,Cayenne,GF,4.9333,-52.3333,84.2,79,75,18.41,light rain
361,Khuzdar,PK,27.7384,66.6434,45.63,36,2,10.56,clear sky
362,Esperance,AU,-33.8667,121.9,64.4,94,90,8.05,overcast clouds
363,Alvand,IR,36.3187,49.1678,16.5,91,1,5.19,clear sky
364,Husavik,IS,66.0449,-17.3389,28.4,93,90,26.46,light snow
365,Mezen,RU,65.8522,44.24,1.69,93,100,13.18,light snow
366,Jumla,NP,29.2747,82.1838,36.55,67,0,6.53,clear sky
367,Orlik,RU,52.5178,99.825,5.11,89,100,2.98,overcast clouds
368,Tairua,NZ,-37.0167,175.85,62.01,83,27,8.99,scattered clouds
369,Selty,RU,57.3132,52.1345,6.73,94,100,9.28,light snow
370,Korla,CN,41.7597,86.1469,29.61,78,100,5.66,overcast clouds
371,Dubai,AE,25.2582,55.3047,69.8,46,0,10.36,clear sky
372,Requena,ES,39.4883,-1.1004,60.8,48,20,19.57,few clouds
373,Aleksandrov Gay,RU,50.147,48.5704,33.28,93,100,11.61,overcast clouds
374,Svetlaya,RU,46.5389,138.3297,16.05,82,97,6.26,overcast clouds
375,Rio Grande,BR,-32.035,-52.0986,86.0,62,75,16.11,broken clouds
376,Brownsville,US,25.9018,-97.4975,71.6,83,90,5.75,haze
377,Bulgan,MN,48.8125,103.5347,9.39,90,100,4.5,overcast clouds
378,Mayo,US,38.8876,-76.5119,34.0,40,20,16.11,few clouds
379,Alcantara,BR,-2.4089,-44.4147,87.8,70,75,10.36,light rain
380,Cherskiy,RU,68.75,161.3,-26.07,85,100,6.22,overcast clouds
381,Balakhninskiy,RU,58.0106,114.2769,-17.07,83,100,2.98,overcast clouds
382,Dicabisagan,PH,17.0818,122.4157,76.68,89,100,7.38,overcast clouds
383,Gamba,GA,-2.65,10.0,79.61,82,100,6.55,light rain
384,Vestmannaeyjar,IS,63.4427,-20.2734,30.2,69,40,24.16,scattered clouds
385,Moerai,PF,-22.4333,-151.3333,80.4,72,80,10.02,broken clouds
386,Teshie,GH,5.5836,-0.1072,86.0,66,10,8.05,haze
387,Straumen,NO,63.8709,11.2999,30.2,93,75,4.61,snow
388,Hambantota,LK,6.1241,81.1185,77.0,88,13,6.91,few clouds
389,Sungaipenuh,ID,-2.0833,101.3833,65.3,84,100,3.02,overcast clouds
390,Singur,IN,22.8092,88.2294,62.6,82,0,4.38,mist
391,Vila,PT,42.0304,-8.1588,54.0,96,100,19.8,light rain
392,Sheltozero,RU,61.3667,35.3667,34.14,98,100,7.16,overcast clouds
393,Severo-Yeniseyskiy,RU,60.3725,93.0408,-16.96,90,100,2.3,overcast clouds
394,Conroe,US,30.3119,-95.456,57.99,94,81,4.45,broken clouds
395,Batagay-Alyta,RU,67.8006,130.4114,-40.7,75,16,1.12,few clouds
396,Kamina,CD,-8.7386,24.9906,71.51,93,86,2.53,moderate rain
397,Port Hardy,CA,50.6996,-127.4199,37.4,100,75,4.61,broken clouds
398,Sandpoint,US,48.2766,-116.5533,19.0,92,90,3.33,overcast clouds
399,Bud,US,39.447,-86.1758,24.01,63,1,8.05,clear sky
400,Pamplona,ES,42.8169,-1.6432,46.4,76,75,4.61,broken clouds
401,Port Augusta,AU,-32.5,137.7667,81.0,49,100,3.44,overcast clouds
402,Shimanovsk,RU,52.0,127.7,-14.26,87,51,8.79,broken clouds
403,Mount Gambier,AU,-37.8333,140.7667,62.6,77,70,4.61,broken clouds
404,Santo Antonio Do Leverger,BR,-15.8656,-56.0767,89.6,48,0,6.91,clear sky
405,San Francisco,US,37.7749,-122.4194,48.2,71,75,3.44,broken clouds
406,Chalus,IR,36.655,51.4204,39.2,75,0,2.3,clear sky
407,Talaya,RU,61.3833,152.75,-31.5,80,100,2.42,overcast clouds
408,Eureka,US,40.8021,-124.1637,36.0,93,1,5.75,clear sky
409,Durango,MX,24.8333,-104.8333,57.63,42,82,6.87,broken clouds
410,Bourail,NC,-21.5667,165.4833,73.85,80,100,4.0,overcast clouds
411,Chapais,CA,49.7834,-74.8492,1.4,71,40,11.5,light snow
412,Mount Isa,AU,-20.7333,139.5,78.8,73,40,3.44,scattered clouds
413,Tabou,CI,4.423,-7.3528,82.36,76,19,7.74,light rain
414,Zyryanka,RU,65.75,150.85,-32.13,83,100,8.39,overcast clouds
415,Kelo,TD,9.3086,15.8066,95.02,10,33,4.74,scattered clouds
416,Panvel,IN,18.9833,73.1,80.6,54,0,3.44,smoke
417,Half Moon Bay,US,37.4636,-122.4286,48.0,81,1,6.29,clear sky
418,Guiyang,CN,26.5833,106.7167,53.6,76,75,6.71,broken clouds
419,Alofi,NU,-19.0595,-169.9187,75.2,94,93,11.83,overcast clouds
420,Tevriz,RU,57.509,72.4042,-40.45,80,11,4.18,few clouds
421,Shenjiamen,CN,29.9576,122.298,44.89,85,90,17.74,overcast clouds
422,Opuwo,NA,-18.0607,13.84,80.74,44,100,17.0,overcast clouds
423,Sinnamary,GF,5.3833,-52.95,79.54,86,90,14.2,overcast clouds
424,Mayenne,FR,48.3333,-0.6667,41.0,70,0,6.91,clear sky
425,Ajdabiya,LY,30.7554,20.2263,59.4,34,0,8.59,clear sky
426,Blagoyevo,RU,63.3667,47.9167,-0.63,91,100,11.36,light snow
427,Xingcheng,CN,40.6167,120.7167,25.84,89,83,3.15,broken clouds
428,Edd,ER,13.9297,41.6925,82.18,41,88,24.11,overcast clouds
429,Buraydah,SA,26.326,43.975,53.6,32,40,5.75,scattered clouds
430,San Patricio,US,28.017,-97.5169,66.2,100,90,10.36,mist
431,Skowhegan,US,44.7651,-69.7192,21.0,61,72,3.0,broken clouds
432,Khor,RU,47.8861,134.9464,1.49,91,49,3.91,scattered clouds
433,Rabo De Peixe,PT,37.8,-25.5833,66.0,94,20,11.5,light rain
434,Inca,ES,39.7211,2.9109,57.0,54,93,7.0,overcast clouds
435,Cabedelo,BR,-6.9811,-34.8339,86.0,62,75,19.57,broken clouds
436,Ajuchitlan,MX,20.7167,-100.0167,64.4,45,75,3.51,broken clouds
437,Guozhen,CN,34.3659,107.359,38.86,69,40,0.43,scattered clouds
438,Tocopilla,CL,-22.092,-70.1979,75.18,51,10,9.04,clear sky
439,Fairbanks,US,64.8378,-147.7164,19.99,85,1,3.15,clear sky
440,Peterhead,GB,57.5058,-1.7981,36.0,64,0,4.61,clear sky
441,Bunbury,AU,-33.3333,115.6333,61.75,84,10,3.83,clear sky
442,Takoradi,GH,4.8845,-1.7554,83.59,69,46,12.33,scattered clouds
443,Pacific Grove,US,36.6177,-121.9166,46.99,93,1,6.91,clear sky
444,Pozo Colorado,PY,-23.4923,-58.7972,93.74,42,43,7.45,scattered clouds
445,Hamilton,US,39.1834,-84.5333,27.0,54,1,8.05,clear sky
446,Derzhavinsk,KZ,51.1,66.3167,-14.26,89,54,6.26,broken clouds
447,Ostrovnoy,RU,68.0531,39.5131,6.03,93,100,24.11,overcast clouds
448,Iquitos,PE,-3.7481,-73.2472,78.8,83,75,9.22,moderate rain
449,Payakumbuh,ID,-0.2202,100.6308,71.08,90,99,1.68,overcast clouds
450,Fayaoue,NC,-20.65,166.5333,79.57,83,100,23.22,overcast clouds
451,Finschhafen,PG,-6.6024,147.8681,81.39,79,99,14.56,overcast clouds
452,Faya,SA,18.3851,42.4509,60.8,77,0,4.61,clear sky
453,Camacha,PT,33.0833,-16.3333,64.4,82,40,6.91,scattered clouds
454,Inhambane,MZ,-23.865,35.3833,86.0,84,75,13.8,light rain
455,Korem,ET,12.5058,39.5228,54.41,40,58,6.78,broken clouds
456,Sarkand,KZ,45.41,79.9186,13.91,88,100,5.35,overcast clouds
457,Naze,JP,28.3667,129.4833,62.83,89,57,12.26,broken clouds
458,Lovington,US,32.944,-103.3485,42.01,100,90,9.22,fog
459,Luanda,AO,-8.8368,13.2343,84.2,58,20,10.36,few clouds
460,Pisco,PE,-13.7,-76.2167,75.2,73,0,9.22,clear sky
461,Tuatapere,NZ,-46.1333,167.6833,54.0,71,94,5.01,light rain
462,Kudahuvadhoo,MV,2.6708,72.8944,83.57,65,70,6.6,broken clouds
463,Coquimbo,CL,-29.9533,-71.3436,69.8,64,20,12.66,few clouds
464,Bandarbeyla,SO,9.4942,50.8122,75.16,66,90,19.95,overcast clouds
465,The Valley,AI,18.217,-63.0578,84.2,65,40,12.66,scattered clouds
466,Nyagan,RU,62.1406,65.3936,-38.13,80,0,0.09,clear sky
467,Chernyanka,RU,50.9409,37.8069,36.52,98,100,7.96,overcast clouds
468,Nalut,LY,30.3333,10.85,62.15,31,0,10.63,clear sky
469,Klaksvik,FO,62.2266,-6.589,32.0,86,20,6.91,few clouds
470,Kununurra,AU,-15.7667,128.7333,77.0,100,100,5.75,overcast clouds
471,Padre Bernardo,BR,-15.35,-48.5,85.73,49,99,7.78,overcast clouds
472,Luxor,EG,25.6989,32.6421,68.0,30,0,8.34,clear sky
473,Khani,GE,41.9563,42.9566,41.0,36,0,6.91,clear sky
474,Tezu,IN,27.9167,96.1667,63.32,46,55,1.92,broken clouds
475,Sooke,CA,48.3746,-123.7276,35.6,81,0,6.91,clear sky
476,Maceio,BR,-9.6658,-35.7353,84.2,58,75,19.57,broken clouds
477,Khonsa,IN,27.0167,95.5667,53.85,84,78,2.91,broken clouds
478,Tibiri,NE,13.5627,7.0485,84.2,10,0,11.5,clear sky
479,Bonavista,CA,48.6499,-53.1147,28.4,80,8,6.91,clear sky
480,Markova,UA,48.6758,24.4138,37.4,87,0,2.24,clear sky
481,Srednekolymsk,RU,67.45,153.6833,-29.47,84,100,8.1,overcast clouds
482,Krasnyy Chikoy,RU,50.3643,108.7512,7.77,91,100,2.68,overcast clouds
483,Quelimane,MZ,-17.8786,36.8883,84.2,65,75,11.5,broken clouds
484,La Grande,US,45.3246,-118.0877,25.0,80,35,1.99,scattered clouds
485,Butembo,CD,0.15,29.2833,66.85,65,93,1.81,overcast clouds
486,Mindelheim,DE,48.05,10.4833,34.0,93,0,3.44,clear sky
487,Anchorage,US,61.2181,-149.9003,30.99,80,90,13.53,overcast clouds
488,Sal Rei,CV,16.1833,-22.9167,77.0,57,86,17.27,overcast clouds
489,Esmeralda,CU,21.8525,-78.1169,78.8,69,75,2.3,broken clouds
490,Shimoda,JP,34.6667,138.95,37.99,95,100,5.01,light rain
491,Ambilobe,MG,-13.2,49.05,76.98,88,82,1.95,light rain
492,Petrolina,BR,-9.3986,-40.5008,78.8,69,90,10.36,moderate rain
493,Visnes,NO,59.3556,5.2242,32.0,93,100,9.22,light snow
494,Qax,AZ,41.4225,46.9242,32.0,74,0,9.22,clear sky
495,Negotin,RS,44.2264,22.5308,37.0,7,96,3.13,light rain
496,Banjar,ID,-8.19,114.9675,78.8,89,20,4.61,few clouds
497,Coronado,US,32.6859,-117.1831,57.2,76,75,3.44,broken clouds
498,Wattegama,LK,6.7989,81.4808,77.0,88,1,6.91,clear sky
499,Darnah,LY,32.767,22.6367,57.63,44,0,16.75,clear sky
500,Marienburg,PL,54.0359,19.0266,36.0,100,90,8.05,light intensity drizzle
501,Provost,CA,52.3501,-110.2683,-7.6,92,8,1.14,clear sky
502,Harper,LR,4.375,-7.7169,81.5,78,14,8.23,light rain
503,Payson,US,40.0444,-111.7321,36.0,93,90,9.22,snow
504,Tadine,NC,-21.55,167.8833,76.68,85,100,21.77,overcast clouds
505,Passo Fundo,BR,-28.2628,-52.4067,78.94,70,16,3.38,few clouds
506,Ojinaga,MX,29.5667,-104.4167,55.99,71,1,1.52,clear sky
507,Sakakah,SA,29.9697,40.2064,51.8,24,0,8.05,clear sky
508,Pulgaon,IN,20.7333,78.3333,71.96,35,0,3.15,clear sky
509,Chumphon,TH,10.3333,98.8333,65.53,100,9,1.07,clear sky
510,Libertador General San Martin,AR,-23.8064,-64.7876,96.01,40,43,1.01,scattered clouds
511,Leningradskiy,RU,69.3833,178.4167,-10.55,86,100,5.64,overcast clouds
512,Gaoyou,CN,32.7858,119.4278,39.99,89,51,4.05,broken clouds
513,Bosconia,CO,9.9689,-73.8836,93.0,32,99,6.91,overcast clouds
514,Vozhega,RU,60.4725,40.2213,26.94,98,100,8.72,overcast clouds
515,Kilindoni,TZ,-7.9139,39.6668,82.13,78,82,13.8,broken clouds
516,Serebryanyy Bor,RU,56.8,124.8,-31.31,83,93,3.78,overcast clouds
517,Kalabo,ZM,-14.97,22.6814,74.53,80,100,5.17,light rain
518,Champerico,GT,14.3,-91.9167,86.0,54,0,1.9,clear sky
519,Rognan,NO,67.0953,15.3878,23.0,54,75,29.93,broken clouds
520,Semey,KZ,50.4111,80.2275,8.42,92,100,12.5,overcast clouds
521,Nelson Bay,AU,-32.7167,152.15,70.0,72,0,11.65,clear sky
522,Carutapera,BR,-1.195,-46.02,83.41,75,41,9.08,light rain
523,Kachiry,KZ,53.0675,76.1036,-15.7,88,100,8.19,overcast clouds
524,Holme,DK,56.1138,10.1725,37.4,93,75,4.61,broken clouds
525,Miri,MY,4.4148,114.0089,77.0,100,40,2.3,light rain
526,Seoul,KR,37.5683,126.9778,41.0,75,0,3.44,clear sky
527,Makat,KZ,47.6469,53.3463,30.06,99,100,10.11,overcast clouds
528,Lodja,CD,-3.4833,23.4333,85.23,58,78,1.1,broken clouds
529,Kaeo,NZ,-35.1,173.7833,54.0,93,9,3.0,clear sky
530,Aktash,RU,50.3,87.7333,-10.43,84,87,3.11,overcast clouds
531,Atambua,ID,-9.1061,124.8925,76.62,83,77,1.81,broken clouds
532,Sydney,AU,-33.8679,151.2073,73.99,94,0,6.91,clear sky
533,Lamu,KE,-2.2717,40.902,78.35,84,96,13.11,overcast clouds
534,Pinega,RU,64.7001,43.3936,2.84,93,100,12.21,snow
535,Salinopolis,BR,-0.6136,-47.3561,85.57,64,85,12.06,overcast clouds
536,Santa Rosalia,MX,27.3167,-112.2833,62.42,56,0,5.23,clear sky
537,Azangaro,PE,-14.9167,-70.2167,51.8,62,75,6.91,light rain
538,Dasoguz,TM,41.8363,59.9666,35.6,75,90,4.61,overcast clouds
539,Batemans Bay,AU,-35.7167,150.1833,63.84,91,6,3.6,clear sky
540,Hoi An,VN,15.8794,108.335,69.8,83,40,3.04,scattered clouds
541,Santo Domingo De Guzman,MX,19.5883,-99.7747,59.0,51,40,1.99,scattered clouds
542,Dauriya,RU,49.9333,116.8667,5.7,85,42,1.48,scattered clouds
543,Costinesti,RO,43.95,28.6333,50.0,87,0,11.5,clear sky
544,Kikwit,CD,-5.041,18.8162,80.8,74,88,0.89,overcast clouds
545,Tecoanapa,MX,16.5167,-98.75,81.93,62,15,4.85,few clouds
546,Pevek,RU,69.7008,170.3133,-10.34,90,100,8.97,overcast clouds
547,Salisbury,GB,51.0693,-1.7957,39.99,70,0,11.5,clear sky
548,Virginia Beach,US,36.8529,-75.978,41.0,51,48,3.0,scattered clouds
549,Grand Gaube,MU,-20.0064,57.6608,81.0,70,8,3.0,clear sky
550,Gerash,IR,27.6652,54.1371,55.4,26,0,4.61,clear sky
551,Puerto Cabezas,NI,14.0351,-83.3888,82.4,89,75,6.91,broken clouds
552,Brae,GB,60.3964,-1.353,37.4,81,40,5.75,light rain
553,Salalah,OM,17.0151,54.0924,77.0,19,0,12.66,clear sky
554,Calbuco,CL,-41.768,-73.1273,64.4,82,75,11.5,broken clouds
555,Vogan,TG,6.3333,1.5333,87.8,42,75,5.75,haze
556,Tottori,JP,35.5,134.2333,46.49,89,100,12.64,overcast clouds
557,Axim,GH,4.8699,-2.2405,82.76,71,61,11.77,broken clouds
558,Chany,RU,55.3121,76.7647,-30.21,84,87,7.36,overcast clouds
559,Izhma,RU,65.0083,53.9113,-12.39,88,100,7.14,overcast clouds
560,Svetlogorsk,BY,52.6333,29.7333,33.22,94,49,8.3,scattered clouds
561,Port Hedland,AU,-20.3167,118.5667,86.0,70,89,16.11,overcast clouds
562,Laguna,US,38.421,-121.4238,43.0,100,40,3.44,mist
563,Verkhnyaya Toyma,RU,62.2349,44.9985,5.65,94,100,10.16,snow
564,Bonfim,BR,3.0833,-59.95,88.72,51,55,9.75,broken clouds
565,Nyaunglebin,MM,17.95,96.7333,67.73,60,0,2.86,clear sky
566,Saint-Remi,CA,45.2668,-73.6159,10.0,66,97,11.5,overcast clouds
567,Inuvik,CA,68.3499,-133.7218,-4.0,77,87,5.75,overcast clouds
568,Cedro,BR,-6.6067,-39.0622,90.25,39,100,5.61,light rain
569,Bharwari,IN,25.55,81.5,60.15,40,0,6.67,clear sky
570,Vallenar,CL,-28.5708,-70.7581,87.26,20,0,10.47,clear sky
571,Maldonado,UY,-34.6667,-54.9167,87.8,48,40,9.22,scattered clouds
572,Isla Mujeres,MX,21.2311,-86.731,82.4,61,20,9.22,few clouds
573,Quatre Cocos,MU,-20.2078,57.7625,81.0,78,40,3.44,scattered clouds
574,Lotofaga,WS,-13.9764,-171.8578,77.0,94,20,5.75,few clouds
575,Jacutinga,BR,-22.2856,-46.6122,75.2,57,75,4.32,broken clouds
576,Dibulla,CO,11.2725,-73.3091,83.59,62,79,8.37,broken clouds
577,Gravelbourg,CA,49.8834,-106.5512,10.4,79,66,11.5,broken clouds
578,Rawson,AR,-43.3002,-65.1023,70.57,57,0,19.33,clear sky
579,Weston,US,26.1004,-80.3998,73.4,64,1,6.91,clear sky
580,Malacacheta,BR,-17.8422,-42.0767,75.34,72,60,5.1,broken clouds
581,Darhan,MN,49.4867,105.9228,6.87,91,100,3.87,overcast clouds
582,Blyth,GB,55.1271,-1.5086,33.01,80,40,5.75,scattered clouds
583,Genhe,CN,50.7833,121.5167,-3.51,90,22,2.06,few clouds
584,Nishihara,JP,26.1842,127.7558,69.8,83,75,20.71,broken clouds
585,Araouane,ML,18.9048,-3.5265,82.62,10,0,11.52,clear sky
586,Denia,ES,38.8408,0.1057,62.01,42,55,14.0,broken clouds
587,Trzebiatow,PL,54.0615,15.2648,34.0,10,100,17.0,light snow
588,Aksarka,RU,66.5606,67.7975,-40.58,81,9,1.63,clear sky
589,Tsabong,BW,-26.0217,22.401,97.07,11,0,3.42,clear sky
590,Kemijarvi,FI,66.7131,27.4306,6.17,94,100,11.86,light snow
591,Codrington,AU,-38.2667,141.9667,60.46,66,29,5.82,scattered clouds
592,Hovd,MN,48.0056,91.6419,11.66,83,100,2.37,overcast clouds
593,Cheremukhovo,RU,60.3484,59.9851,-28.62,84,76,2.19,broken clouds
594,Karasjok,NO,69.4719,25.5112,10.4,72,75,9.22,light snow
595,Saint-Louis,SN,16.3333,-15.0,91.4,10,0,2.3,clear sky
596,Lakes Entrance,AU,-37.8811,147.981,60.01,93,8,6.85,clear sky
597,Pundaguitan,PH,6.3711,126.1689,81.84,75,100,6.69,light rain
598,Sobolevo,RU,54.4299,31.8996,33.21,97,98,9.84,overcast clouds
599,Hay River,CA,60.8156,-115.7999,-27.4,75,28,3.44,scattered clouds
600,Moreira Sales,BR,-24.0622,-53.0069,75.56,85,41,5.14,scattered clouds
601,Pullman,US,46.7313,-117.1796,24.8,80,1,2.15,clear sky
602,Empalme,MX,27.9667,-110.8167,55.4,100,90,4.12,fog
603,Borogontsy,RU,62.6683,131.1683,-55.64,62,93,4.12,overcast clouds
604,Burnie,AU,-41.0667,145.9167,61.0,83,74,3.0,broken clouds
605,Comodoro Rivadavia,AR,-45.8667,-67.5,64.4,52,75,8.05,broken clouds
606,Ternate,ID,0.8,127.4,78.24,84,100,9.37,overcast clouds
607,Zemio,CF,5.0314,25.1361,91.17,22,98,4.38,overcast clouds
608,Sidi Ali,DZ,36.0998,0.4206,54.59,83,53,25.84,broken clouds
609,San Rafael,AR,-34.6177,-68.3301,95.36,17,0,14.54,clear sky
610,Gisborne,NZ,-38.6533,178.0042,63.0,68,40,4.0,scattered clouds
611,Oistins,BB,13.0667,-59.5333,82.4,65,20,18.41,few clouds
612,Steamboat Springs,US,40.485,-106.8317,28.4,100,90,3.44,light snow
613,Bumba,CD,2.1833,22.4667,88.07,34,80,2.86,broken clouds
614,Meadow Lake,US,34.8014,-106.5436,45.0,81,40,8.05,scattered clouds
615,Tlacotepec,MX,20.0667,-97.8667,70.34,52,23,3.6,few clouds
616,Harstad,NO,68.799,16.5293,19.99,57,20,10.09,few clouds
617,Manacor,ES,39.5696,3.2096,57.2,58,20,21.85,few clouds
618,Zhangjiakou,CN,40.81,114.8794,23.54,84,32,0.74,scattered clouds
619,Tupiza,BO,-21.45,-65.7167,63.63,42,95,9.4,overcast clouds
620,College,US,64.8569,-147.8028,19.99,85,1,3.2,clear sky
621,Tura,IN,25.5198,90.2201,59.31,64,2,2.86,clear sky
622,Asosa,ET,10.0667,34.5333,72.95,41,57,2.62,broken clouds
623,Viedma,AR,-40.8135,-62.9967,89.73,27,4,21.23,clear sky
624,Sorata,BO,-15.7667,-68.6333,48.94,79,94,10.2,light rain
625,Mathathane,BW,-22.2687,28.7495,84.4,45,100,18.23,overcast clouds
626,Deputatskiy,RU,69.3,139.9,-38.13,84,85,0.65,overcast clouds
627,Campo Grande,BR,-20.4428,-54.6464,86.0,54,40,5.75,scattered clouds
628,Tete,MZ,-16.1564,33.5867,87.01,70,40,4.61,scattered clouds
629,Lavrentiya,RU,65.5833,-171.0,1.87,88,95,5.91,overcast clouds
630,Tabuk,PH,17.4189,121.4443,70.95,91,83,3.78,broken clouds
631,Bouake,CI,7.6895,-5.0218,93.2,13,67,6.91,haze
632,Tamandare,BR,-8.7597,-35.1047,83.66,65,31,13.78,light rain
633,El Alto,PE,-4.2714,-81.2147,86.0,51,0,8.05,clear sky
634,Keti Bandar,PK,24.1447,67.4497,66.24,38,0,9.42,clear sky
635,Ayagoz,KZ,47.9714,80.4392,4.8,93,100,11.48,overcast clouds
636,Palmeiras De Goias,BR,-16.805,-49.9258,86.88,51,96,3.36,overcast clouds
637,Eldorado,BR,-23.7869,-54.2836,82.67,68,11,5.64,few clouds
638,Roma,US,43.2128,-75.4557,18.0,67,90,17.27,light snow
639,Verkhnyaya Inta,RU,65.9811,60.3094,-23.01,78,0,5.12,clear sky
640,Ahuimanu,US,21.4447,-157.8378,71.6,78,90,12.66,light rain
641,Ankang,CN,32.68,109.0172,41.0,83,69,5.01,broken clouds
642,Terrace,CA,54.5163,-128.6035,14.0,92,40,2.3,scattered clouds
643,Hukuntsi,BW,-24.0,21.75,93.6,12,63,9.08,broken clouds
644,Muchkapskiy,RU,51.8513,42.4717,33.85,97,100,9.91,overcast clouds
645,Haines Junction,CA,60.7522,-137.5108,-0.4,85,100,1.45,overcast clouds
646,Mehamn,NO,71.0357,27.8492,20.71,93,100,29.44,overcast clouds
647,Mayor Pablo Lagerenza,PY,-19.9309,-60.7718,94.77,39,23,4.85,few clouds
648,Tabuelan,PH,10.8209,123.8689,78.8,89,90,2.3,overcast clouds
649,Muroto,JP,33.2833,134.15,56.66,85,100,18.77,light rain
650,Sayat,TM,38.7839,63.8803,30.2,74,0,9.22,clear sky
651,De Aar,ZA,-30.6497,24.0123,90.1,23,46,9.62,scattered clouds
652,Katsuura,JP,35.1333,140.3,39.2,93,75,23.02,light rain
653,Kasulu,TZ,-4.5767,30.1025,68.94,90,62,1.57,moderate rain
654,Selkirk,CA,50.1436,-96.8845,19.4,79,95,4.61,light snow
655,Lanzhou,CN,36.0564,103.7922,35.01,34,92,0.74,overcast clouds
656,Camanducaia,BR,-22.7553,-46.1447,84.2,48,40,4.61,scattered clouds
657,Port Hawkesbury,CA,45.6169,-61.3485,30.0,74,90,16.11,overcast clouds
658,Poretskoye,RU,55.1974,46.3291,34.03,99,100,8.1,light snow
659,Bignona,SN,12.8103,-16.2264,96.8,17,0,4.61,clear sky
660,Raudeberg,NO,61.9875,5.1352,37.0,93,100,23.47,light rain
661,Matamoros,MX,25.5333,-103.25,68.0,37,75,3.51,broken clouds
662,Sao Miguel Do Araguaia,BR,-13.275,-50.1628,87.12,60,76,8.1,broken clouds
663,Imamoglu,TR,37.2651,35.6572,55.0,46,0,4.61,clear sky
664,Antalaha,MG,-14.9003,50.2788,78.62,87,2,8.21,light rain
665,Magistralnyy,RU,56.1725,107.4458,-12.84,88,100,0.58,overcast clouds
666,Sonoita,MX,31.85,-112.8333,52.0,84,93,13.35,overcast clouds
667,Samfya,ZM,-11.3649,29.5565,69.85,89,95,3.06,moderate rain
668,Marzuq,YE,14.4,46.4667,61.9,31,65,4.16,broken clouds
669,Noumea,NC,-22.2763,166.4572,79.0,88,40,6.91,scattered clouds
670,Xinmin,CN,41.9908,122.8253,15.8,86,0,2.24,mist
671,Chumikan,RU,54.7183,135.315,-8.97,87,100,10.02,overcast clouds
672,Foumban,CM,5.7291,10.9001,87.12,14,30,3.13,scattered clouds
673,Sorong,ID,-0.8833,131.25,80.29,80,99,3.65,overcast clouds
674,Camara De Lobos,PT,32.6333,-16.9667,64.4,82,20,3.44,few clouds
675,Kieta,PG,-6.2167,155.6333,77.97,71,84,2.68,broken clouds
676,Neepawa,CA,50.2289,-99.4664,21.2,86,90,12.66,light snow
677,Altea,ES,38.5989,-0.0514,61.0,49,52,1.01,broken clouds
678,Baculin,PH,7.4525,126.5842,77.56,78,100,4.9,overcast clouds
679,Morehead,US,37.2711,-87.1764,33.01,34,1,4.61,clear sky
680,Malatya,TR,38.5,38.0,26.6,80,0,4.61,light snow
681,Matadi,CD,-5.8167,13.45,81.27,73,100,5.26,overcast clouds
682,Camana,PE,-16.6228,-72.7111,75.52,67,58,10.49,broken clouds
683,Gimli,CA,50.6336,-96.9907,14.0,85,100,17.27,light snow
684,Yar-Sale,RU,66.8333,70.8333,-39.42,80,20,4.63,few clouds
685,Fereydun Kenar,IR,36.6864,52.5225,39.2,75,0,6.91,clear sky
686,Emerald,AU,-23.5333,148.1667,73.4,68,0,8.05,clear sky
687,Chapleau,CA,47.8405,-83.4034,-2.2,78,90,1.66,light snow
688,Plouzane,FR,48.3833,-4.6167,44.6,65,0,2.3,clear sky
689,San-Pedro,CI,4.7485,-6.6363,83.26,70,27,10.25,scattered clouds
690,Ca Mau,VN,9.1769,105.15,74.52,88,43,4.29,scattered clouds
691,Siguiri,GN,11.6667,-9.5,95.09,9,91,4.25,overcast clouds
692,San Policarpo,PH,12.1791,125.5072,79.39,83,86,4.68,overcast clouds
693,Bani,DO,18.2833,-70.3333,84.2,65,40,6.91,scattered clouds
694,Anisoc,GQ,1.8658,10.7689,79.32,71,100,6.11,light rain
695,Khvoynaya,RU,58.9,34.5333,33.82,97,100,6.93,light rain
696,Soma,TR,39.1855,27.6094,55.4,62,75,9.22,broken clouds
697,Port Said,EG,31.2565,32.2841,60.8,59,0,4.61,clear sky
698,Larsnes,NO,62.2028,5.5773,37.99,91,100,12.64,light rain
699,Antofagasta,CL,-23.65,-70.4,75.99,64,20,11.5,few clouds
700,Ishinomaki,JP,38.4167,141.3,36.0,83,100,11.95,overcast clouds
701,Puerto Padre,CU,21.195,-76.6028,80.6,74,40,10.36,scattered clouds
702,Candelaria,PH,13.9311,121.4233,75.99,94,16,1.61,few clouds
703,Lushoto,TZ,-4.7833,38.2833,62.56,96,99,4.34,overcast clouds
704,Margate,GB,51.3813,1.3862,37.0,81,100,4.0,overcast clouds
705,Lakatoro,VU,-16.0999,167.4164,80.55,79,100,3.15,moderate rain
706,Glyadyanskoye,RU,54.9075,65.0883,-26.88,83,98,1.25,overcast clouds
707,Klyuchi,RU,52.2667,79.1667,4.21,94,100,8.1,overcast clouds
708,Mizque,BO,-17.941,-65.3402,66.36,60,90,4.0,overcast clouds
709,Meulaboh,ID,4.1363,96.1285,77.65,85,42,3.29,scattered clouds
710,Makinsk,KZ,52.6292,70.4169,-23.73,87,95,3.4,overcast clouds
711,Erenhot,CN,43.6475,111.9767,14.0,90,9,1.92,clear sky
712,Altamont,US,42.2068,-121.7372,28.0,86,1,5.75,clear sky
713,Astana,KZ,51.1801,71.446,-2.2,78,90,8.95,light snow
714,Labuan,MY,5.2767,115.2417,77.0,94,20,3.11,few clouds
715,Kabare,CD,-2.4683,28.8242,66.72,80,86,0.83,light rain
716,Rio Gallegos,AR,-51.6226,-69.2181,68.0,19,20,21.85,few clouds
717,Skibbereen,IE,51.55,-9.2667,37.4,70,75,6.91,heavy intensity rain
718,Vanimo,PG,-2.6741,141.3028,78.66,77,79,2.8,broken clouds
